id,label,latitude,longitude,n1,n2,n3,n4,n5,d1,d2,d3,d4,d5
72,W 52 St & 11 Ave,40.76727216,-73.99392888,480,513,508,495,530,0.17780736685282,0.28502152791732,0.30285853404336,0.3196273377671,0.3430221582592
79,Franklin St & W Broadway,40.71911552,-74.00666661,320,249,248,329,257,0.12171890974379,0.12541983799964,0.19705340355185,0.20654338246413,0.22049557128084
82,St James Pl & Pearl St,40.71117416,-74.00016545,308,2009,279,387,296,0.15756584934213,0.1748986293545,0.24133136604372,0.25636076076019,0.26157160957123
83,Atlantic Ave & Fort Greene Pl,40.68382604,-73.97632328,271,467,353,274,298,0.13557374684889,0.14598112188314,0.15113153503399,0.21451690240628,0.27207746887071
116,W 17 St & 8 Ave,40.74177603,-74.00149746,470,434,463,284,482,0.13875092661019,0.14902057625289,0.15491089261269,0.19977437482364,0.20247626813278
119,Park Ave & St Edwards St,40.69608941,-73.97803415,245,144,419,242,2001,0.20166141956769,0.21168946422944,0.23542934533978,0.26778201061557,0.27316091857867
120,Lexington Ave & Classon Ave,40.68676793,-73.95928168,289,364,409,344,399,0.15397856356308,0.16246560107512,0.30698866592762,0.3079117625461,0.31153286558837
127,Barrow St & Hudson St,40.73172428,-74.00674436,358,347,380,368,247,0.084555375636379,0.20993081587242,0.25432155821031,0.25773138748605,0.27007341105778
128,MacDougal St & Prince St,40.72710258,-74.00297088,348,2004,368,347,161,0.16886445888575,0.20768902452446,0.23091275574696,0.26218503638436,0.29223828823505
137,E 56 St & Madison Ave,40.761628,-73.972924,456,2023,281,520,352,0.14442444586627,0.19174616972935,0.19576137253846,0.22050837148652,0.25643627686617
143,Clinton St & Joralemon St,40.69239502,-73.99337909,157,314,233,406,322,0.1773398244889,0.1788048218734,0.19599797488131,0.23199965220446,0.28574888580567
144,Nassau St & Navy St,40.69839895,-73.98068914,2001,119,278,418,261,0.10299668065984,0.21168946422944,0.21941895810424,0.28325203815165,0.29540245285868
146,Hudson St & Reade St,40.71625008,-74.0091059,152,276,147,249,319,0.10434771991772,0.11093263553555,0.12462277275544,0.17005448207038,0.20011330867521
147,Greenwich St & Warren St,40.71542197,-74.01121978,309,152,146,276,319,0.098735339145773,0.12030641223045,0.12462277275544,0.1482325079995,0.17204097951899
150,E 2 St & Avenue C,40.7208736,-73.98085795,400,302,393,301,349,0.12145667620484,0.15327521004094,0.15383519366165,0.17332267162254,0.20781807255038
151,Cleveland Pl & Spring St,40.7218158,-73.99720307,251,303,250,268,2010,0.157209678066,0.17345618840289,0.20631949134562,0.2294213912273,0.2696270696511
152,Warren St & Church St,40.71473993,-74.00910627,319,146,147,417,330,0.096307595687961,0.10434771991772,0.12030641223045,0.13872400551797,0.18290062518564
153,E 40 St & 5 Ave,40.752062307,-73.9816324043,517,485,519,318,484,0.097010544521757,0.14823679268702,0.17250772064272,0.206395913908,0.21758171605149
157,Henry St & Atlantic Ave,40.69089272,-73.99612349,143,398,406,314,233,0.1773398244889,0.20867711578988,0.29281876071584,0.35608214219334,0.35662961682163
160,E 37 St & Lexington Ave,40.748238,-73.978311,167,518,472,517,519,0.12696102744068,0.25664530944609,0.25829515736519,0.28046505040062,0.28870622978748
161,LaGuardia Pl & W 3 St,40.72917025,-73.99810231,336,294,375,335,252,0.10332866317703,0.15462141108544,0.17487696787038,0.21256534464713,0.21489610509694
164,E 47 St & 2 Ave,40.75323098,-73.97032517,228,440,516,2017,455,0.12480566818152,0.13901385780635,0.15270925229508,0.21292737412528,0.2316578182318
167,E 39 St & 3 Ave,40.7489006,-73.97604882,160,518,2017,519,517,0.12696102744068,0.15609925633712,0.26908941850511,0.27159925114408,0.29718682633581
168,W 18 St & 6 Ave,40.73971301,-73.99456405,435,496,334,482,345,0.14166222716318,0.20407145829101,0.23262909912978,0.25010362324345,0.25753992737734
173,Broadway & W 49 St,40.76064679,-73.98442659,500,510,450,469,447,0.1263719659527,0.20967229789894,0.21287941343872,0.21356390692414,0.21494925566001
174,E 25 St & 1 Ave,40.7381765,-73.97738662,2012,545,507,536,461,0.092771887492447,0.12149821309314,0.13948672808334,0.24943803612563,0.29132477931154
195,Liberty St & Broadway,40.70905623,-74.01043382,360,376,316,264,417,0.15330295019711,0.17091388315725,0.20709646294671,0.21346052397741,0.26671668499843
212,W 16 St & The High Line,40.74334935,-74.00681753,225,463,434,404,459,0.11558882759232,0.15320333435911,0.16551021839501,0.20308469815223,0.23971949997028
216,Columbia Heights & Cranberry St,40.70037867,-73.99548059,217,407,391,321,2000,0.18644134903521,0.21102491428952,0.21953320834916,0.3035649693792,0.35200648966287
217,Old Fulton St,40.70277159,-73.99383605,216,407,2000,321,414,0.18644134903521,0.20219855551644,0.23275085515412,0.29228794788034,0.32366131646773
218,Gallatin Pl & Livingston St,40.69028437,-73.98707105,310,323,390,233,395,0.12860918431805,0.14887485917517,0.19780809585198,0.20188987828297,0.21803287742319
223,W 13 St & 7 Ave,40.73781509,-73.99994661,482,284,345,383,116,0.11140784803635,0.16354020841943,0.17728835940053,0.17887880394223,0.28548081862047
224,Spruce St & Nassau St,40.71146364,-74.00552427,387,316,330,376,306,0.099977314635144,0.14183858138306,0.21018685012094,0.21557326399315,0.22339715733639
225,W 14 St & The High Line,40.74195138,-74.00803013,212,404,405,463,434,0.11558882759232,0.1623905824114,0.18167429691981,0.18854932982385,0.24367738937253
228,E 48 St & 3 Ave,40.7546011026,-73.971878855,164,440,359,522,441,0.12480566818152,0.1498684100447,0.1663352969815,0.17626502514101,0.2531741289833
229,Great Jones St,40.72743423,-73.99379025,335,375,300,250,439,0.11170622238965,0.17130676998406,0.19359767320291,0.22120646915759,0.22459120492157
232,Cadman Plaza E & Tillary St,40.69597683,-73.99014892,322,314,392,391,233,0.057947121243662,0.14974182388431,0.16844607215679,0.20597573572324,0.24427759680416
233,Joralemon St & Adams St,40.69246277,-73.98963911,314,323,143,218,392,0.10558286606244,0.17416514182942,0.19599797488131,0.20188987828297,0.22159599117282
236,St Marks Pl & 2 Ave,40.7284186,-73.98713956,438,237,300,326,439,0.089259226824795,0.14362001001787,0.16209315028145,0.16913606546036,0.20234865687254
237,E 11 St & 2 Ave,40.73047309,-73.98672378,236,326,483,438,293,0.14362001001787,0.14393221973161,0.16662008311358,0.19365847977366,0.21197981206513
238,Bank St & Washington St,40.7361967,-74.00859207,346,247,405,358,127,0.12834351606371,0.20535231017501,0.21743502766067,0.23956776424303,0.32382238805899
239,Willoughby St & Fleet St,40.69196566,-73.9813018,324,390,261,431,245,0.14435646286096,0.15721646677731,0.22757927840681,0.23974538604315,0.24084975682262
241,DeKalb Ave & S Portland Ave,40.68981035,-73.97493121,262,416,274,243,245,0.15009265085268,0.1974880941569,0.2198602197974,0.25761260175907,0.26333349564432
242,Flushing Ave & Carlton Ave,40.69788349,-73.97350332,419,421,343,119,313,0.14350321801392,0.18821140460095,0.19045800846596,0.26778201061557,0.33721946044674
243,Fulton St & Rockwell Pl,40.688226,-73.979382,298,324,274,431,271,0.097550489655677,0.14314579805025,0.16784859828323,0.17285938932696,0.21494282343581
244,Willoughby Ave & Hall St,40.69196035,-73.96536851,354,366,399,258,313,0.20068080858169,0.205502514255,0.24014794984335,0.25391947550591,0.3074079619417
245,Myrtle Ave & St Edwards St,40.69327018,-73.97703874,262,119,239,419,241,0.20154684866024,0.20166141956769,0.24084975682262,0.25303046647807,0.26333349564432
247,Perry St & Bleecker St,40.73535398,-74.00483091,346,380,238,358,383,0.10761912172848,0.13572139724902,0.20535231017501,0.20658357529025,0.23887988053473
248,Laight St & Hudson St,40.72185379,-74.00771779,377,329,328,79,249,0.11485674156003,0.16310520710649,0.18298907018723,0.19705340355185,0.22739234904149
249,Harrison St & Hudson St,40.71870987,-74.0090009,276,79,329,146,320,0.11373723027312,0.12541983799964,0.13482624931861,0.17005448207038,0.19716441070025
250,Lafayette St & Jersey St,40.72456089,-73.99565293,251,375,151,303,229,0.10537636711229,0.16864385703527,0.20631949134562,0.21133239669732,0.22120646915759
251,Mott St & Prince St,40.72317958,-73.99480012,250,151,265,473,303,0.10537636711229,0.157209678066,0.1845618087371,0.20808315466654,0.24784794525258
252,MacDougal St & Washington Sq,40.73226398,-73.99852205,369,336,294,280,161,0.09121874403421,0.12662394531932,0.19095327601716,0.19339230223449,0.21489610509694
253,W 13 St & 5 Ave,40.73543934,-73.99453948,382,280,345,496,285,0.13733659666549,0.14938902978613,0.15000748476457,0.16890188693888,0.20822471322421
254,W 11 St & 6 Ave,40.73532427,-73.99800419,345,383,223,280,252,0.095193538093234,0.11883410141451,0.19991065574152,0.20563699122699,0.21318994812116
257,Lispenard St & Broadway,40.71939226,-74.00247214,268,2010,320,79,377,0.14479310506342,0.15647322777146,0.20445568809859,0.22049557128084,0.26877064182231
258,DeKalb Ave & Vanderbilt Ave,40.68940747,-73.96885458,420,399,416,244,275,0.12940277672674,0.22307100953332,0.23735971584773,0.25391947550591,0.26235954998114
259,South St & Whitehall St,40.70122128,-74.01234218,534,427,260,304,337,0.094001927740422,0.096271982478572,0.17151071839638,0.24504084852761,0.27324083849908
260,Broad St & Bridge St,40.70365182,-74.01167797,534,304,415,427,259,0.093746203863259,0.12213434341179,0.14650239657712,0.16911714629365,0.17151071839638
261,Johnson St & Gold St,40.69474881,-73.98362464,390,392,278,323,239,0.17839919869456,0.18686323030025,0.21020430910779,0.21704254025766,0.22757927840681
262,Washington Park,40.69178232,-73.97372989,270,241,245,366,419,0.13568543352279,0.15009265085268,0.20154684866024,0.27308686113572,0.27824883292496
263,Elizabeth St & Hester St,40.71729,-73.996375,412,355,268,296,531,0.15190479056871,0.19701009054637,0.21602947513625,0.22110422914705,0.225338960346
264,Maiden Ln & Pearl St,40.70706456,-74.00731853,360,376,306,351,316,0.081812251257744,0.10769648797763,0.13308860855681,0.1364169082055,0.17720421382727
265,Stanton St & Chrystie St,40.72229346,-73.99147535,473,312,401,251,403,0.085725124260692,0.12490737294761,0.16479093414699,0.1845618087371,0.19335256342384
266,Avenue D & E 8 St,40.72368361,-73.97574813,411,394,339,393,302,0.10868484272873,0.14657190311529,0.16694848461428,0.22540581436386,0.22803527582911
267,Broadway & W 36 St,40.75097711,-73.98765428,362,533,505,498,492,0.052142320969984,0.14140059535313,0.14251393339165,0.16930487924844,0.17972358151162
268,Howard St & Centre St,40.71910537,-73.99973337,257,355,263,2010,151,0.14479310506342,0.21311077029038,0.21602947513625,0.2230966840686,0.2294213912273
270,Adelphi St & Myrtle Ave,40.69308257,-73.97178913,262,366,421,419,245,0.13568543352279,0.15207348103915,0.18501365275885,0.20977448265508,0.27533565200158
271,Ashland Pl & Hanson Pl,40.68528172,-73.97805813,274,83,298,467,353,0.13413567724166,0.13557374684889,0.13664797791366,0.15620834456425,0.19630793091693
274,Lafayette Ave & Fort Greene Pl,40.68691865,-73.976682,271,298,353,243,83,0.13413567724166,0.1570491768922,0.1626686056443,0.16784859828323,0.21451690240628
275,Washington Ave & Greene Ave,40.68650065,-73.96563307,399,420,384,397,258,0.14648770790953,0.22674316032936,0.23023240026462,0.24817451772956,0.26235954998114
276,Duane St & Greenwich St,40.71748752,-74.0104554,146,249,426,147,152,0.11093263553555,0.11373723027312,0.14488327275341,0.1482325079995,0.20257391041406
278,Concord St & Bridge St,40.69766564,-73.98476437,261,392,144,430,2001,0.21020430910779,0.21939557371666,0.21941895810424,0.28034142299041,0.29226834595468
279,Peck Slip & Front Street,40.707873,-74.00167,306,82,316,351,376,0.19180662722517,0.24133136604372,0.28025709103068,0.29299482152007,0.29534680478038
280,E 10 St & 5 Ave,40.73331967,-73.99510132,357,252,382,294,345,0.19062260138526,0.19339230223449,0.19650694890263,0.19793283401038,0.24177129694531
281,Grand Army Plaza & Central Park S,40.7643971,-73.97371465,2006,137,352,456,520,0.17267891008215,0.19576137253846,0.19604961541928,0.32421418623952,0.34148817320535
282,Kent Ave & S 11 St,40.70827295,-73.96834101,389,443,2005,460,532,0.22076536584054,0.22339281542898,0.24752179865737,0.34163919998899,0.41896514209625
284,Greenwich Ave & 8 Ave,40.7390169121,-74.0026376103,223,482,404,116,463,0.16354020841943,0.17537199581511,0.18519592855677,0.19977437482364,0.23063532377191
285,Broadway & E 14 St,40.73454567,-73.99074142,382,357,475,497,483,0.071215502287076,0.14026308610366,0.17210884770527,0.17633153542913,0.18666110238769
289,Monroe St & Classon Ave,40.6845683,-73.95881081,120,365,344,436,364,0.15397856356308,0.21286719524068,0.26508341580427,0.30226323687129,0.31552206075719
290,2 Ave & E 58 St,40.76020258,-73.96478473,305,464,385,2023,2022,0.13891470907403,0.15865615279668,0.16732693013384,0.29161053575533,0.31501013850766
291,Madison St & Montgomery St,40.713126,-73.984844,340,502,350,356,307,0.15582916976086,0.19805703706315,0.2054482563912,0.24404953949332,0.27646093864412
293,Lafayette St & E 8 St,40.73028666,-73.9907647,300,483,357,335,237,0.15076682519517,0.16618971568254,0.16664753450305,0.19224842178907,0.21197981206513
294,Washington Square E,40.73049393,-73.9957214,335,161,336,252,280,0.13340120073137,0.15462141108544,0.17485106952955,0.19095327601716,0.19793283401038
295,Pike St & E Broadway,40.71406667,-73.99293911,412,361,307,331,296,0.13830545852715,0.14786430564596,0.15980642771495,0.16981130183835,0.21518258317858
296,Division St & Bowery,40.71413089,-73.9970468,308,412,355,2009,295,0.10568614383942,0.18817923150514,0.19238194945722,0.20461006288824,0.21518258317858
297,E 15 St & 3 Ave,40.734232,-73.986923,475,483,325,285,497,0.077983151877005,0.17261122738359,0.18012218974315,0.20109698551546,0.25584474504303
298,3 Ave & Schermerhorn St,40.68683208,-73.9796772,243,271,274,431,324,0.097550489655677,0.13664797791366,0.1570491768922,0.19930131740651,0.22245343600372
300,Shevchenko Pl & E 7 St,40.728145,-73.990214,439,293,236,229,335,0.13080416838823,0.15076682519517,0.16209315028145,0.19359767320291,0.20997558980688
301,E 2 St & Avenue B,40.72217444,-73.98368779,410,150,317,393,400,0.13035059095587,0.17332267162254,0.18941128976833,0.20349461794957,0.22474644562919
302,Avenue D & E 3 St,40.72082834,-73.97793172,411,150,393,341,266,0.11967338600139,0.15327521004094,0.18323680614899,0.22486884206569,0.22803527582911
303,Mercer St & Spring St,40.72362738,-73.99949601,348,151,2010,250,251,0.13924165129125,0.17345618840289,0.20217229166577,0.21133239669732,0.24784794525258
304,Broadway & Battery Pl,40.70463334,-74.01361706,260,534,2008,427,415,0.12213434341179,0.15133118567184,0.18097305642916,0.18915091617721,0.22828995171661
305,E 58 St & 3 Ave,40.76095756,-73.96724467,464,290,2023,385,367,0.11293659683861,0.13891470907403,0.18325516815257,0.21574064235998,0.25847804649687
306,Cliff St & Fulton St,40.70823502,-74.00530063,376,316,264,279,360,0.10409822061479,0.11208999994507,0.13308860855681,0.19180662722517,0.20083679853097
307,Canal St & Rutgers St,40.71427487,-73.98990025,340,295,361,350,331,0.15656816769251,0.15980642771495,0.16200147903014,0.17586163823095,0.20542996405541
308,St James Pl & Oliver St,40.71307916,-73.99851193,296,82,2009,355,386,0.10568614383942,0.15756584934213,0.15848359215337,0.2132777243668,0.23869400300799
309,Murray St & West St,40.7149787,-74.013012,147,426,327,417,152,0.098735339145773,0.17789199125814,0.18869291075908,0.20504272507933,0.20522125901603
310,State St & Smith St,40.68926942,-73.98912867,218,233,323,395,143,0.12860918431805,0.2222675073229,0.25951893304037,0.27588130393329,0.31021681212551
311,Norfolk St & Broome St,40.7172274,-73.98802084,350,361,307,401,349,0.12416459975102,0.21899170279634,0.22651635687203,0.22929697768014,0.26252650169539
312,Allen St & E Houston St,40.722055,-73.989111,265,401,473,428,403,0.12490737294761,0.13626062877418,0.16146553956379,0.19313272310054,0.22162120943945
313,Washington Ave & Park Ave,40.69610226,-73.96751037,343,421,366,270,244,0.177160533253,0.19998459592309,0.20931518269677,0.30624311875795,0.3074079619417
314,Cadman Plaza West & Montague St,40.69383,-73.990539,233,232,322,143,392,0.10558286606244,0.14974182388431,0.16704010930726,0.1788048218734,0.1961890062147
315,South St & Gouverneur Ln,40.70355377,-74.00670227,337,351,415,264,260,0.089852446877868,0.12502198125738,0.15627637731082,0.24472541363156,0.26072723873976
316,Fulton St & William St,40.70955958,-74.00653609,376,306,224,264,360,0.074102079065461,0.11208999994507,0.14183858138306,0.17720421382727,0.20502040454365
317,E 6 St & Avenue B,40.72453734,-73.98185424,393,432,301,445,394,0.14593080514553,0.15443545255748,0.18941128976833,0.19965030241039,0.22313355912359
318,E 43 St & Vanderbilt Ave,40.75320159,-73.9779874,519,517,484,359,153,0.057858833291884,0.11914102727223,0.16802501609985,0.20474487183428,0.206395913908
319,Park Pl & Church St,40.71336124,-74.00937622,417,152,147,146,330,0.05324149025311,0.096307595687961,0.17204097951899,0.20011330867521,0.21161422827243
320,Leonard St & Church St,40.717571,-74.005549,79,249,257,146,330,0.12171890974379,0.19716441070025,0.20445568809859,0.2074404821622,0.21192733254596
321,Cadman Plaza E & Red Cross Pl,40.69991755,-73.98971773,407,2000,430,414,391,0.098613679121603,0.18270517568745,0.19731703199346,0.22765761043778,0.25249436138714
322,Clinton St & Tillary St,40.696192,-73.991218,232,391,314,392,406,0.057947121243662,0.1519894836932,0.16704010930726,0.22606265163014,0.2585990256547
323,Lawrence St & Willoughby St,40.69236178,-73.98631746,390,218,233,392,261,0.10699064531352,0.14887485917517,0.17416514182942,0.19201542529164,0.21704254025766
324,DeKalb Ave & Hudson Ave,40.689888,-73.981013,431,243,239,395,298,0.12073268744573,0.14314579805025,0.14435646286096,0.20505517178597,0.22245343600372
325,E 19 St & 3 Ave,40.73624527,-73.98473765,461,475,297,2003,537,0.14298807809697,0.164415843801,0.18012218974315,0.27591982951573,0.27937550301211
326,E 11 St & 1 Ave,40.72953837,-73.98426726,438,237,236,433,445,0.14075421760821,0.14393221973161,0.16913606546036,0.19346844713325,0.20951648079992
327,Vesey Pl & River Terrace,40.7153379,-74.01658354,309,426,3002,147,276,0.18869291075908,0.23312367687465,0.2678898844349,0.28097708864218,0.35364945701538
328,Watts St & Greenwich St,40.72405549,-74.00965965,248,377,329,2004,347,0.18298907018723,0.23719988178215,0.25185953356722,0.26059175301199,0.34300243634774
329,Greenwich St & N Moore St,40.72043411,-74.01020609,249,248,276,79,328,0.13482624931861,0.16310520710649,0.2040204606961,0.20654338246413,0.25185953356722
330,Reade St & Broadway,40.71450451,-74.00562789,387,386,152,224,319,0.13359063229432,0.17465660168633,0.18290062518564,0.21018685012094,0.21161422827243
331,Pike St & Monroe St,40.71173107,-73.99193043,408,295,307,340,2009,0.1275780984924,0.16981130183835,0.20542996405541,0.22810423271988,0.25929000275131
332,Cherry St,40.71219906,-73.97948148,502,291,356,342,341,0.17011713296173,0.28807403639234,0.3229926999429,0.36113529089375,0.42293685712043
334,W 20 St & 7 Ave,40.74238787,-73.99726235,470,435,453,446,116,0.16300365935285,0.16870102124163,0.19098765339255,0.20032937974366,0.22571172605414
335,Washington Pl & Broadway,40.72903917,-73.99404649,229,294,293,300,161,0.11170622238965,0.13340120073137,0.19224842178907,0.20997558980688,0.21256534464713
336,Sullivan St & Washington Sq,40.73047747,-73.99906065,161,252,369,368,294,0.10332866317703,0.12662394531932,0.13719193960375,0.16187959563512,0.17485106952955
337,Old Slip & Front St,40.7037992,-74.00838676,415,315,351,260,264,0.078240475695317,0.089852446877868,0.15785601475224,0.17270172830602,0.23246326665499
339,Avenue D & E 12 St,40.72580614,-73.97422494,266,394,411,511,393,0.16694848461428,0.18589125907647,0.2756063500362,0.30788337086776,0.35753947550598
340,Madison St & Clinton St,40.71269042,-73.98776323,291,307,350,331,295,0.15582916976086,0.15656816769251,0.20435145755766,0.22810423271988,0.28728106644331
341,Stanton St & Mangin St,40.71782143,-73.97628939,342,302,400,411,150,0.20508051912457,0.22486884206569,0.30427337438066,0.30883960608102,0.31893737503742
342,Columbia St & Rivington St,40.71739973,-73.98016555,356,400,349,341,502,0.15162305208364,0.15390844469735,0.18089960914784,0.20508051912457,0.22857667113568
343,Clinton Ave & Flushing Ave,40.69794,-73.96986848,421,313,242,419,366,0.16980330437595,0.177160533253,0.19045800846596,0.24296889484835,0.32729711087814
344,Monroe St & Bedford Ave,40.6851443,-73.95380904,436,289,120,396,409,0.20603713946659,0.26508341580427,0.3079117625461,0.34732770406175,0.40444354438756
345,W 13 St & 6 Ave,40.73649403,-73.99704374,223,383,482,280,496,0.17728835940053,0.18995539040131,0.23079597170275,0.24177129694531,0.24937868744807
346,Bank St & Hudson St,40.73652889,-74.00618026,247,238,405,380,284,0.10761912172848,0.12834351606371,0.21812277775813,0.24302752104341,0.25289732536754
347,W Houston St & Hudson St,40.72873888,-74.00748842,127,128,358,368,2004,0.20993081587242,0.26218503638436,0.2892621363262,0.30181738666036,0.33344273895637
348,W Broadway & Spring St,40.72490985,-74.00154702,303,128,2004,2010,375,0.13924165129125,0.16886445888575,0.16904441572883,0.22878711555318,0.27364733996271
349,Rivington St & Ridge St,40.71850211,-73.98329859,400,356,410,342,150,0.095242849731237,0.1613015628207,0.17896672462299,0.18089960914784,0.20781807255038
350,Clinton St & Grand St,40.71559509,-73.9870295,311,307,340,291,356,0.12416459975102,0.17586163823095,0.20435145755766,0.2054482563912,0.23543051362963
351,Front St & Maiden Ln,40.70530954,-74.00612572,315,264,337,415,360,0.12502198125738,0.1364169082055,0.15785601475224,0.16920796442234,0.19339613387197
352,W 56 St & 6 Ave,40.76340613,-73.97722479,2006,281,520,510,137,0.17903761711015,0.19604961541928,0.24379492284438,0.25295458584298,0.25643627686617
353,S Portland Ave & Hanson Pl,40.68539567,-73.97431458,83,274,416,271,397,0.15113153503399,0.1626686056443,0.17152964833152,0.19630793091693,0.28018104036057
354,Emerson Pl & Myrtle Ave,40.69363137,-73.96223558,244,372,313,364,366,0.20068080858169,0.22590081002092,0.32483037386674,0.33639555750303,0.34987930203832
355,Bayard St & Baxter St,40.71602118,-73.99974372,386,296,263,268,308,0.15510022179284,0.19238194945722,0.19701009054637,0.21311077029038,0.2132777243668
356,Bialystoker Pl & Delancey St,40.71622644,-73.98261206,342,502,349,400,350,0.15162305208364,0.15399260701261,0.1613015628207,0.21414550355493,0.23543051362963
357,E 11 St & Broadway,40.73261787,-73.99158043,285,483,382,293,280,0.14026308610366,0.142869676206,0.16109367633125,0.16664753450305,0.19062260138526
358,Christopher St & Greenwich St,40.73291553,-74.00711384,127,247,380,238,346,0.084555375636379,0.20658357529025,0.23134615934174,0.23956776424303,0.25441426232456
359,E 47 St & Park Ave,40.75510267,-73.97498696,228,318,522,440,519,0.1663352969815,0.20474487183428,0.20770658005997,0.20927612886113,0.25655375217764
360,William St & Pine St,40.70717936,-74.00887308,264,376,195,415,351,0.081812251257744,0.13195490046519,0.15330295019711,0.17129960970587,0.19339613387197
361,Allen St & Hester St,40.71605866,-73.99190759,412,295,307,531,311,0.12245700125989,0.14786430564596,0.16200147903014,0.20291997762767,0.21899170279634
362,Broadway & W 37 St,40.75172632,-73.98753523,267,533,505,492,498,0.052142320969984,0.089334926650742,0.19396896678203,0.2066799894269,0.22144356207422
363,West Thames St,40.70834698,-74.01713445,2008,3002,304,195,260,0.18436934864583,0.2303050195026,0.31589599695418,0.35437339322605,0.43236597263591
364,Lafayette Ave & Classon Ave,40.68900443,-73.96023854,120,409,399,289,275,0.16246560107512,0.22959858249847,0.23944140505171,0.31552206075719,0.33139011802973
365,Fulton St & Grand Ave,40.68223166,-73.9614583,289,384,396,120,275,0.21286719524068,0.24498901485953,0.32545053335416,0.33354940222033,0.36723551890849
366,Clinton Ave & Myrtle Ave,40.693261,-73.968896,270,244,313,421,258,0.15207348103915,0.205502514255,0.20931518269677,0.21217251949391,0.26627845991152
367,E 53 St & Lexington Ave,40.75828065,-73.97069431,2023,522,464,456,441,0.098780385328262,0.10666485652075,0.17802546287148,0.20029951902527,0.23231910832224
368,Carmine St & 6 Ave,40.73038599,-74.00214988,369,336,161,252,128,0.16181469962822,0.16187959563512,0.227979324622,0.23004759225884,0.23091275574696
369,Washington Pl & 6 Ave,40.73224119,-74.00026394,252,336,368,380,383,0.09121874403421,0.13719193960375,0.16181469962822,0.18594773057533,0.20707266390278
372,Franklin Ave & Myrtle Ave,40.694528,-73.958089,354,373,409,364,244,0.22590081002092,0.23879253440788,0.28171989625327,0.39793375950639,0.42062595688382
373,Willoughby Ave & Walworth St,40.69331716,-73.95381995,409,372,354,364,120,0.22954638935969,0.23879253440788,0.44143231988831,0.44932228237581,0.5354199869714
375,Mercer St & Bleecker St,40.72679454,-73.99695094,250,229,161,335,303,0.16864385703527,0.17130676998406,0.17487696787038,0.21722308965465,0.25623070520674
376,John St & William St,40.70862144,-74.00722156,316,306,264,360,195,0.074102079065461,0.10409822061479,0.10769648797763,0.13195490046519,0.17091388315725
377,6 Ave & Canal St,40.72243797,-74.00566443,248,2004,2010,79,328,0.11485674156003,0.14453534122846,0.18194139434017,0.23549598724419,0.23719988178215
379,W 31 St & 7 Ave,40.749156,-73.9916,492,505,498,521,490,0.080189128865696,0.16341493863301,0.18876755271493,0.19036222762363,0.20570166300462
380,W 4 St & 7 Ave S,40.73401143,-74.00293877,247,383,369,358,346,0.13572139724902,0.16338095412453,0.18594773057533,0.23134615934174,0.24302752104341
382,University Pl & E 14 St,40.73492695,-73.99200509,285,357,496,497,280,0.071215502287076,0.16109367633125,0.16258827295022,0.17759397038317,0.19650694890263
383,Greenwich Ave & Charles St,40.735238,-74.000271,380,223,345,369,252,0.16338095412453,0.17887880394223,0.18995539040131,0.20707266390278,0.22497740319612
384,Fulton St & Waverly Ave,40.68317813,-73.9659641,397,275,365,420,399,0.18366687988834,0.23023240026462,0.24498901485953,0.36517213614684,0.37412129709574
385,E 55 St & 2 Ave,40.75797322,-73.96603308,464,441,290,305,454,0.12522953413981,0.15351310124995,0.16732693013384,0.21574064235998,0.23609307543798
386,Centre St & Worth St,40.71494807,-74.00234482,355,330,387,308,320,0.15510022179284,0.17465660168633,0.19358362265627,0.23869400300799,0.24699741561215
387,Centre St & Chambers St,40.71273266,-74.0046073,224,330,386,316,319,0.099977314635144,0.13359063229432,0.19358362265627,0.24140672570127,0.25352036907631
388,W 26 St & 10 Ave,40.749717753,-74.002950346,489,458,462,512,509,0.090022571957665,0.16624377486688,0.21005832578878,0.23982717008979,0.29609155704985
389,Broadway & Berry St,40.71044554,-73.96525063,443,460,481,282,532,0.14561370945203,0.17021926861618,0.20223875186232,0.22076536584054,0.22913045580671
390,Duffield St & Willoughby St,40.69221589,-73.9842844,323,239,261,218,324,0.10699064531352,0.15721646677731,0.17839919869456,0.19780809585198,0.23505289555877
391,Clark St & Henry St,40.69760127,-73.99344559,322,232,406,216,407,0.1519894836932,0.20597573572324,0.2154480730298,0.21953320834916,0.22394139888107
392,Jay St & Tech Pl,40.695065,-73.987167,232,261,323,314,278,0.16844607215679,0.18686323030025,0.19201542529164,0.1961890062147,0.21939557371666
393,E 5 St & Avenue C,40.72299208,-73.97995466,317,150,411,302,394,0.14593080514553,0.15383519366165,0.17803125032917,0.18323680614899,0.194028901026
394,E 9 St & Avenue C,40.72521311,-73.97768752,266,339,393,411,317,0.14657190311529,0.18589125907647,0.194028901026,0.2092742546585,0.22313355912359
395,Bond St & Schermerhorn St,40.68807003,-73.98410637,431,324,218,298,243,0.086802750053163,0.20505517178597,0.21803287742319,0.2473297857566,0.24776584031322
396,Lefferts Pl & Franklin Ave,40.680342423,-73.9557689392,436,365,289,344,120,0.15670893491172,0.32545053335416,0.3326684586745,0.34732770406175,0.48062772294945
397,Fulton St & Clermont Ave,40.68415748,-73.96922273,384,420,275,353,416,0.18366687988834,0.24220356844486,0.24817451772956,0.28018104036057,0.29447815357672
398,Atlantic Ave & Furman St,40.69165183,-73.9999786,157,406,143,314,391,0.20867711578988,0.31975079814471,0.34955107758503,0.51694444025786,0.53491976780661
399,Lafayette Ave & St James Pl,40.68851534,-73.9647628,275,258,364,244,420,0.14648770790953,0.22307100953332,0.23944140505171,0.24014794984335,0.26502341558409
400,Pitt St & Stanton St,40.71926081,-73.98178024,349,150,342,410,356,0.095242849731237,0.12145667620484,0.15390844469735,0.20273538801767,0.21414550355493
401,Allen St & Rivington St,40.72019576,-73.98997825,473,312,265,531,311,0.11961286678483,0.13626062877418,0.16479093414699,0.16524870385127,0.22929697768014
402,Broadway & E 22 St,40.7403432,-73.98955109,444,491,497,496,435,0.14053374370432,0.1896629274955,0.22932476731922,0.25964948795993,0.25965341778219
403,E 2 St & 2 Ave,40.72502876,-73.99069656,439,428,265,300,312,0.098918264058331,0.15184868614234,0.19335256342384,0.21680227777073,0.22162120943945
404,9 Ave & W 14 St,40.7405826,-74.00550867,463,405,225,284,212,0.11694583640087,0.16202254778254,0.1623905824114,0.18519592855677,0.20308469815223
405,Washington St & Gansevoort St,40.739323,-74.008119,404,225,238,346,463,0.16202254778254,0.18167429691981,0.21743502766067,0.21812277775813,0.27050371640243
406,Hicks St & Montague St,40.69512845,-73.99595065,391,143,322,157,314,0.2154480730298,0.23199965220446,0.2585990256547,0.29281876071584,0.29737165955257
407,Henry St & Poplar St,40.700469,-73.991454,321,2000,217,216,391,0.098613679121603,0.17956655841596,0.20219855551644,0.21102491428952,0.22394139888107
408,Market St & Cherry St,40.71076228,-73.99400398,331,2009,295,296,308,0.1275780984924,0.15053631020488,0.23503853146928,0.28209402679273,0.28526474693012
409,DeKalb Ave & Skillman St,40.6906495,-73.95643107,373,364,372,120,354,0.22954638935969,0.22959858249847,0.28171989625327,0.30698866592762,0.36733269323879
410,Suffolk St & Stanton St,40.72066442,-73.98517977,301,349,400,150,312,0.13035059095587,0.17896672462299,0.20273538801767,0.22679008124415,0.22719137391219
411,E 6 St & Avenue D,40.72228087,-73.97668709,266,302,393,394,150,0.10868484272873,0.11967338600139,0.17803125032917,0.2092742546585,0.23908794234622
412,Forsyth St & Canal St,40.7158155,-73.99422366,361,295,263,296,531,0.12245700125989,0.13830545852715,0.15190479056871,0.18817923150514,0.2307892989278
414,Pearl St & Anchorage Pl,40.70281858,-73.98765762,2000,430,321,407,418,0.093248021255599,0.10835171166994,0.22765761043778,0.25672293473562,0.26907360898492
415,Pearl St & Hanover Square,40.7047177,-74.00926027,337,260,315,351,360,0.078240475695317,0.14650239657712,0.15627637731082,0.16920796442234,0.17129960970587
416,Cumberland St & Lafayette Ave,40.68753406,-73.97265183,420,353,241,274,258,0.1554250692883,0.17152964833152,0.1974880941569,0.21540103035443,0.23735971584773
417,Barclay St & Church St,40.71291224,-74.01020234,319,152,147,309,146,0.05324149025311,0.13872400551797,0.18141875873552,0.20504272507933,0.23767809564237
418,Front St & Gold St,40.70224,-73.982578,430,2001,414,144,278,0.21548691648175,0.21987064108286,0.26907360898492,0.28325203815165,0.33618858683733
419,Carlton Ave & Park Ave,40.69580705,-73.97355569,421,242,270,119,343,0.118453973042,0.14350321801392,0.20977448265508,0.23542934533978,0.24296889484835
420,Clermont Ave & Lafayette Ave,40.68764484,-73.96968902,258,416,275,397,399,0.12940277672674,0.1554250692883,0.22674316032936,0.24220356844486,0.26502341558409
421,Clermont Ave & Park Ave,40.69573398,-73.97129668,419,343,270,242,313,0.118453973042,0.16980330437595,0.18501365275885,0.18821140460095,0.19998459592309
422,W 59 St & 10 Ave,40.770513,-73.988038,530,513,480,423,499,0.14838014366937,0.15922841110267,0.29623400891953,0.32765158274818,0.33370329812022
423,W 54 St & 9 Ave,40.76584941,-73.98690506,449,447,513,480,450,0.099589517603614,0.17387546532448,0.18931527911259,0.20290214198099,0.25241973317091
426,West St & Chambers St,40.71754834,-74.01322069,276,309,147,327,146,0.14488327275341,0.17789199125814,0.18046873444958,0.23312367687465,0.23342528587725
427,Bus Slip & State St,40.701907,-74.013942,534,259,260,304,2008,0.077800018608937,0.096271982478572,0.16911714629365,0.18915091617721,0.30078357671476
428,E 3 St & 1 Ave,40.72467721,-73.98783413,439,403,312,432,438,0.15054297394773,0.15184868614234,0.19313272310054,0.23662390937711,0.24369429097662
430,York St & Jay St,40.7014851,-73.98656928,414,2000,321,418,407,0.10835171166994,0.16567418856301,0.19731703199346,0.21548691648175,0.2653409785154
431,Hanover Pl & Livingston St,40.68864636,-73.98263429,395,324,243,298,239,0.086802750053163,0.12073268744573,0.17285938932696,0.19930131740651,0.23974538604315
432,E 7 St & Avenue A,40.72621788,-73.98379855,438,445,317,326,236,0.14564657736396,0.14924453077224,0.15443545255748,0.23074681329166,0.2317980684897
433,E 13 St & Avenue A,40.72955361,-73.98057249,511,445,504,326,432,0.14958211797621,0.15476078023142,0.19267464306614,0.19346844713325,0.28576642132088
434,9 Ave & W 18 St,40.74317449,-74.00366443,463,116,212,509,470,0.086525379671023,0.14902057625289,0.16551021839501,0.18334648141314,0.19070287785853
435,W 21 St & 6 Ave,40.74173969,-73.99415556,168,334,466,446,402,0.14166222716318,0.16870102124163,0.20855090756794,0.22484742725634,0.25965341778219
436,Hancock St & Bedford Ave,40.68216564,-73.95399026,396,344,289,365,120,0.15670893491172,0.20603713946659,0.30226323687129,0.39134627309762,0.42190043086605
437,Macon St & Nostrand Ave,40.6809833854,-73.9500479759,436,396,344,289,365,0.22214071883668,0.30303499838677,0.34856824399853,0.52171775133051,0.60408708909778
438,St Marks Pl & 1 Ave,40.72779126,-73.98564945,236,326,432,237,445,0.089259226824795,0.14075421760821,0.14564657736396,0.19365847977366,0.22304405525477
439,E 4 St & 2 Ave,40.7262807,-73.98978041,403,300,428,236,229,0.098918264058331,0.13080416838823,0.15054297394773,0.20234865687254,0.22459120492157
440,E 45 St & 3 Ave,40.75255434,-73.97282625,164,228,2017,359,516,0.13901385780635,0.1498684100447,0.18179777152341,0.20927612886113,0.26295039287169
441,E 52 St & 2 Ave,40.756014,-73.967416,454,385,464,367,164,0.12721178203649,0.15351310124995,0.23035904726526,0.23231910832224,0.24528801394337
442,W 27 St & 7 Ave,40.746647,-73.993915,446,494,379,466,521,0.14218711403917,0.18045021638624,0.21152168696469,0.22647754561318,0.26692593979103
443,Bedford Ave & S 9th St,40.70853074,-73.96408963,389,532,282,481,460,0.14561370945203,0.2143314514306,0.22339281542898,0.29151646967181,0.31378210859939
444,Broadway & W 24 St,40.7423543,-73.98915076,402,466,491,474,435,0.14053374370432,0.16337688798137,0.18989435187421,0.2292203139636,0.26543153829833
445,E 10 St & Avenue A,40.72740794,-73.98142006,432,433,317,326,438,0.14924453077224,0.15476078023142,0.19965030241039,0.20951648079992,0.22304405525477
446,W 24 St & 7 Ave,40.74487634,-73.99529885,442,494,334,453,466,0.14218711403917,0.19862530268559,0.20032937974366,0.20198152773391,0.2113895855026
447,8 Ave & W 52 St,40.76370739,-73.9851615,469,500,449,450,423,0.13110504299449,0.13596559159384,0.15628034359925,0.17351936524774,0.17387546532448
448,W 37 St & 10 Ave,40.75660359,-73.9979009,488,525,478,515,523,0.21894579803757,0.22532992011795,0.26018652343161,0.29613447615473,0.36656088907931
449,W 52 St & 9 Ave,40.76461837,-73.98789473,423,447,450,480,513,0.099589517603614,0.15628034359925,0.16212640398604,0.20229709364846,0.25421485042557
450,W 49 St & 8 Ave,40.76227205,-73.98788205,449,447,2021,173,479,0.16212640398604,0.17351936524774,0.2093335794472,0.21287941343872,0.22762196556848
453,W 22 St & 8 Ave,40.74475148,-73.99915362,470,509,334,446,494,0.10099685597992,0.15625254653149,0.19098765339255,0.20198152773391,0.20561547180132
454,E 51 St & 1 Ave,40.75455731,-73.96592976,441,516,385,164,228,0.12721178203649,0.19902005024717,0.23609307543798,0.24764981900882,0.31140405295163
455,1 Ave & E 44 St,40.75001986,-73.96905301,2017,516,164,440,518,0.11400144093423,0.15506970985132,0.2316578182318,0.26396859305634,0.2760995492737
456,E 53 St & Madison Ave,40.7597108,-73.97402311,520,137,2023,367,522,0.12968777456982,0.14442444586627,0.19415725281537,0.20029951902527,0.20427756773862
457,Broadway & W 58 St,40.76695317,-73.98169333,468,499,469,423,447,0.1172406159228,0.1525998591749,0.24815751698451,0.28320798065879,0.28851818157925
458,11 Ave & W 27 St,40.751396,-74.005226,388,489,462,459,525,0.16624377486688,0.18794484763389,0.31151613782295,0.34759183097106,0.35376053121087
459,W 20 St & 11 Ave,40.746745,-74.007756,462,212,509,388,434,0.1698874568772,0.23971949997028,0.31485177425399,0.32477260751279,0.32672057361637
460,S 4 St & Wythe Ave,40.71285887,-73.96590294,389,481,532,2002,443,0.17021926861618,0.17158621356901,0.31145468435126,0.31231310575408,0.31378210859939
461,E 20 St & 2 Ave,40.73587678,-73.98205027,325,2003,545,504,507,0.14298807809697,0.15171417431666,0.21155778813707,0.25361961026941,0.25507887035136
462,W 22 St & 10 Ave,40.74691959,-74.00451887,509,459,388,434,212,0.16565815296192,0.1698874568772,0.21005832578878,0.26261469410902,0.27447902912586
463,9 Ave & W 16 St,40.74206539,-74.00443172,434,404,212,116,225,0.086525379671023,0.11694583640087,0.15320333435911,0.15491089261269,0.18854932982385
464,E 56 St & 3 Ave,40.75934501,-73.96759673,305,385,2023,290,367,0.11293659683861,0.12522953413981,0.14408086967112,0.15865615279668,0.17802546287148
465,Broadway & W 41 St,40.75513557,-73.98658032,533,477,493,362,523,0.1515117102673,0.20057452195343,0.22383823676071,0.24081522884347,0.25339137832409
466,W 25 St & 6 Ave,40.74395411,-73.99144871,444,435,446,486,442,0.16337688798137,0.20855090756794,0.2113895855026,0.21682769195388,0.22647754561318
467,Dean St & 4 Ave,40.68312489,-73.97895137,83,271,298,274,353,0.14598112188314,0.15620834456425,0.25896571595696,0.28784782328968,0.28921845386312
468,Broadway & W 55 St,40.7652654,-73.98192338,457,469,447,500,423,0.1172406159228,0.13218229675506,0.20076868597249,0.21905524275079,0.26381412550857
469,Broadway & W 53 St,40.76344058,-73.98268129,500,447,468,173,510,0.087225505985067,0.13110504299449,0.13218229675506,0.21356390692414,0.22566083888794
470,W 20 St & 8 Ave,40.74345335,-74.00004031,453,116,334,509,434,0.10099685597992,0.13875092661019,0.16300365935285,0.17368414426042,0.19070287785853
471,Grand St & Havemeyer St,40.71286844,-73.95698119,539,532,481,2002,389,0.24189246323765,0.26365892662625,0.29715123618108,0.42791961919331,0.46435115330177
472,E 32 St & Park Ave,40.7457121,-73.98194829,546,476,526,160,474,0.1041770587951,0.17111937520556,0.20517364216734,0.25829515736519,0.25834864271308
473,Rivington St & Chrystie St,40.72110063,-73.9919254,265,401,531,312,251,0.085725124260692,0.11961286678483,0.15427320182906,0.16146553956379,0.20808315466654
474,5 Ave & E 29 St,40.7451677,-73.98683077,486,526,546,444,498,0.115174325841,0.1994629712245,0.20480178861264,0.2292203139636,0.24265259561853
475,E 16 St & Irving Pl,40.73524276,-73.98758561,297,325,285,497,483,0.077983151877005,0.164415843801,0.17210884770527,0.18117629108725,0.21906949566507
476,E 31 St & 3 Ave,40.74394314,-73.97966069,528,472,546,540,536,0.15373390344369,0.17111937520556,0.1800894582299,0.25228433997377,0.28371723150411
477,W 41 St & 8 Ave,40.75640548,-73.9900262,529,523,488,465,2021,0.094828202607464,0.13957249352633,0.19348716593879,0.20057452195343,0.21297757576487
478,11 Ave & W 41 St,40.76030096,-73.99884222,514,515,508,448,525,0.20970572226446,0.22152463324227,0.24317718777303,0.26018652343161,0.34655475368291
479,9 Ave & W 45 St,40.76019252,-73.9912551,2021,515,529,495,450,0.15244645741662,0.17616030934171,0.18176699198956,0.19608189822863,0.22762196556848
480,W 53 St & 10 Ave,40.76669671,-73.99061728,513,72,449,423,422,0.14932114871514,0.17780736685282,0.20229709364846,0.20290214198099,0.29623400891953
481,S 3 St & Bedford Ave,40.71260486,-73.96264403,460,532,389,539,443,0.17158621356901,0.17528430686783,0.20223875186232,0.2275334329406,0.29151646967181
482,W 15 St & 7 Ave,40.73935542,-73.99931783,223,284,116,345,334,0.11140784803635,0.17537199581511,0.20247626813278,0.23079597170275,0.23555249161762
483,E 12 St & 3 Ave,40.73223272,-73.98889957,357,293,237,297,285,0.142869676206,0.16618971568254,0.16662008311358,0.17261122738359,0.18666110238769
484,W 44 St & 5 Ave,40.75500254,-73.98014437,318,493,517,519,153,0.16802501609985,0.19080107224529,0.19863318819352,0.20141516750476,0.21758171605149
485,W 37 St & 5 Ave,40.75038009,-73.98338988,153,526,517,267,362,0.14823679268702,0.20407622370426,0.22465666788967,0.22700148463799,0.23608693503996
486,Broadway & W 29 St,40.7462009,-73.98855723,474,498,505,526,466,0.115174325841,0.16410111262636,0.19432714647112,0.21602968772297,0.21682769195388
487,E 20 St & FDR Drive,40.73314259,-73.97573881,2003,545,511,504,433,0.24609512380389,0.26286559321298,0.27956156421431,0.31631027295412,0.35433841508868
488,W 39 St & 9 Ave,40.75645824,-73.99372222,529,523,477,448,515,0.1625566654003,0.17420642452898,0.19348716593879,0.21894579803757,0.2555889924662
489,10 Ave & W 28 St,40.75066386,-74.00176802,388,512,458,462,494,0.090022571957665,0.18133900020803,0.18794484763389,0.29609386250061,0.32981861625861
490,8 Ave & W 33 St,40.751551,-73.993934,521,492,379,523,512,0.088841422808502,0.18283062566567,0.20570166300462,0.25332905224375,0.25477041137844
491,E 24 St & Park Ave S,40.74096374,-73.98602213,537,540,402,444,546,0.11217004396657,0.15140427775872,0.1896629274955,0.18989435187421,0.28714640669396
492,W 33 St & 7 Ave,40.75019995,-73.99093085,379,505,267,490,498,0.080189128865696,0.15210465076532,0.17972358151162,0.18283062566567,0.18768229143774
493,W 45 St & 6 Ave,40.7568001,-73.98291153,484,465,173,510,153,0.19080107224529,0.22383823676071,0.27737343180796,0.29685334046406,0.33414636790319
494,W 26 St & 8 Ave,40.74734825,-73.99723551,442,512,446,453,521,0.18045021638624,0.19776021540338,0.19862530268559,0.20561547180132,0.24909484045096
495,W 47 St & 10 Ave,40.76269882,-73.99301222,479,508,515,450,449,0.19608189822863,0.19792913956102,0.19862731608432,0.27010752490895,0.29886856596981
496,E 16 St & 5 Ave,40.73726186,-73.99238967,497,382,168,285,345,0.12113574413777,0.16258827295022,0.20407145829101,0.20657164411042,0.24937868744807
497,E 17 St & Broadway,40.73704984,-73.99009296,496,285,382,475,402,0.12113574413777,0.17633153542913,0.17759397038317,0.18117629108725,0.22932476731922
498,Broadway & W 32 St,40.74854862,-73.98808416,505,486,267,526,492,0.038292236742247,0.16410111262636,0.16930487924844,0.17729766134882,0.18768229143774
499,Broadway & W 60 St,40.76915505,-73.98191841,457,468,422,423,513,0.1525998591749,0.26876554768092,0.33370329812022,0.34680412129931,0.35716485471853
500,Broadway & W 51 St,40.76228826,-73.98336183,469,173,447,510,468,0.087225505985067,0.1263719659527,0.13596559159384,0.19068539038399,0.21905524275079
501,FDR Drive & E 35 St,40.744219,-73.97121214,518,536,528,167,2017,0.27382168934143,0.28972629234742,0.31927142962811,0.41079308848617,0.41492548384627
502,Henry St & Grand St,40.714215,-73.981346,356,332,291,342,350,0.15399260701261,0.17011713296173,0.19805703706315,0.22857667113568,0.31256698539139
503,E 20 St & Park Ave,40.73827428,-73.98751968,497,402,491,325,475,0.15908851973856,0.1781791054268,0.20169711468717,0.20216716693694,0.20949915063222
504,1 Ave & E 15 St,40.73221853,-73.98165557,2003,433,326,461,511,0.15322687488061,0.19267464306614,0.23021081430167,0.25361961026941,0.28400039204293
505,6 Ave & W 33 St,40.74901271,-73.98848395,498,267,492,379,362,0.038292236742247,0.14251393339165,0.15210465076532,0.16341493863301,0.19396896678203
507,E 25 St & 2 Ave,40.73912601,-73.97973776,174,2012,545,537,540,0.13948672808334,0.15506488893502,0.20068415784554,0.24103208080019,0.2435737149245
508,W 46 St & 11 Ave,40.76341379,-73.99667444,495,478,515,72,479,0.19792913956102,0.24317718777303,0.25335068699499,0.30285853404336,0.36053941978383
509,9 Ave & W 22 St,40.7454973,-74.00197139,453,462,470,434,116,0.15625254653149,0.16565815296192,0.17368414426042,0.18334648141314,0.25832499401725
510,W 51 St & 6 Ave,40.7606597,-73.98042047,500,173,520,469,352,0.19068539038399,0.20967229789894,0.21216903313918,0.22566083888794,0.25295458584298
511,E 14 St & Avenue B,40.72938685,-73.97772429,433,445,487,504,394,0.14958211797621,0.23695514561745,0.27956156421431,0.28400039204293,0.28840178204189
512,W 29 St & 9 Ave,40.7500727,-73.99839279,489,521,494,388,490,0.18133900020803,0.18932049825588,0.19776021540338,0.23982717008979,0.25477041137844
513,W 56 St & 10 Ave,40.768254,-73.988639,480,422,423,530,449,0.14932114871514,0.15922841110267,0.18931527911259,0.24677360641169,0.25421485042557
514,12 Ave & W 40 St,40.76087502,-74.00277668,478,525,508,448,515,0.20970572226446,0.34263589114726,0.36437579710089,0.39017257422502,0.43037739476782
515,W 43 St & 10 Ave,40.76009437,-73.99461843,479,495,478,508,488,0.17616030934171,0.19862731608432,0.22152463324227,0.25335068699499,0.2555889924662
516,E 47 St & 1 Ave,40.75206862,-73.96784384,164,455,454,2017,440,0.15270925229508,0.15506970985132,0.19902005024717,0.21764787458601,0.26295039287169
517,E 41 St & Madison Ave,40.752141,-73.979782,519,153,318,484,485,0.076313446613751,0.097010544521757,0.11914102727223,0.19863318819352,0.22465666788967
518,E 39 St & 2 Ave,40.74780373,-73.9734419,167,2017,160,501,455,0.15609925633712,0.20387469548696,0.25664530944609,0.27382168934143,0.2760995492737
519,E 42 St & Vanderbilt Ave,40.752416,-73.97837,318,517,153,484,359,0.057858833291884,0.076313446613751,0.17250772064272,0.20141516750476,0.25655375217764
520,W 52 St & 5 Ave,40.75992262,-73.97648516,456,510,137,352,522,0.12968777456982,0.21216903313918,0.22050837148652,0.24379492284438,0.29994361465343
521,8 Ave & W 31 St,40.75044999,-73.99481051,490,512,379,492,494,0.088841422808502,0.18932049825588,0.19036222762363,0.20381694003485,0.24909484045096
522,E 51 St & Lexington Ave,40.75714758,-73.97207836,367,228,2023,456,359,0.10666485652075,0.17626502514101,0.19791651034971,0.20427756773862,0.20770658005997
523,W 38 St & 8 Ave,40.75466591,-73.99138152,477,488,529,533,490,0.13957249352633,0.17420642452898,0.20172878040752,0.2466630352598,0.25332905224375
524,W 43 St & 6 Ave,40.75527307,-73.98316936,493,484,465,153,533,0.10637358928205,0.159433255359,0.17878845379503,0.23599173313846,0.26384742031085
525,W 34 St & 11 Ave,40.75594159,-74.0021163,448,514,478,458,489,0.22532992011795,0.34263589114726,0.34655475368291,0.35376053121087,0.36513377186301
526,E 33 St & 5 Ave,40.74765947,-73.98490707,498,474,485,472,505,0.17729766134882,0.1994629712245,0.20407622370426,0.20517364216734,0.20928931085868
527,E 33 St & 1 Ave,40.74315566,-73.97434726,536,528,501,476,2012,0.12963738367933,0.143064771649,0.17982186004141,0.28343535402562,0.2868955557929
528,2 Ave & E 31 St,40.74290902,-73.97706058,536,476,2012,507,501,0.13478760587395,0.15373390344369,0.23972619969097,0.29660188877887,0.31927142962811
529,W 42 St & 8 Ave,40.7575699,-73.99098507,477,488,2021,479,523,0.094828202607464,0.1625566654003,0.17255637261019,0.18176699198956,0.20172878040752
530,11 Ave & W 59 St,40.771522,-73.990541,422,513,480,72,423,0.14838014366937,0.24677360641169,0.33343978124887,0.3430221582592,0.43570434119209
531,Forsyth St & Broome St,40.71893904,-73.99266288,473,401,361,263,412,0.15427320182906,0.16524870385127,0.20291997762767,0.225338960346,0.2307892989278
532,S 5 Pl & S 4 St,40.710451,-73.960876,481,443,389,471,460,0.17528430686783,0.2143314514306,0.22913045580671,0.26365892662625,0.31145468435126
533,Broadway & W 39 St,40.75299641,-73.98721619,362,267,465,523,485,0.089334926650742,0.14140059535313,0.1515117102673,0.2466630352598,0.2698085124095
534,Water - Whitehall Plaza,40.70255065,-74.0127234,427,260,259,304,415,0.077800018608937,0.093746203863259,0.094001927740422,0.15133118567184,0.23522321112252
536,1 Ave & E 30 St,40.74144387,-73.97536082,528,2012,174,507,476,0.13478760587395,0.15748265409281,0.24943803612563,0.27957062685872,0.28371723150411
537,Lexington Ave & E 24 St,40.74025878,-73.98409214,540,491,507,325,402,0.095780281070988,0.11217004396657,0.24103208080019,0.27937550301211,0.28585490992817
538,W 49 St & 5 Ave,40.75795248,-73.97787642,520,510,456,484,359,0.15438332677246,0.2296122312245,0.23544703281241,0.23588002347624,0.24829017719614
539,Metropolitan Ave & Bedford Ave,40.71534825,-73.96024116,2002,481,471,532,460,0.1878445213767,0.2275334329406,0.24189246323765,0.34001777762853,0.34280913623221
540,Lexington Ave & E 26 St,40.74147286,-73.98320928,537,491,546,507,476,0.095780281070988,0.15140427775872,0.20586020935775,0.2435737149245,0.25228433997377
545,E 23 St & 1 Ave,40.736502,-73.97809472,174,2003,507,461,2012,0.12149821309314,0.19703996997283,0.20068415784554,0.21155778813707,0.21425526954555
546,E 30 St & Park Ave S,40.74444921,-73.98303529,472,476,474,540,526,0.1041770587951,0.1800894582299,0.20480178861264,0.20586020935775,0.24249922919417
2000,Front St & Washington St,40.70255088,-73.98940236,414,430,407,321,217,0.093248021255599,0.16567418856301,0.17956655841596,0.18270517568745,0.23275085515412
2001,Sands St & Navy St,40.699773,-73.979927,144,418,119,278,242,0.10299668065984,0.21987064108286,0.27316091857867,0.29226834595468,0.36095207400134
2002,Wythe Ave & Metropolitan Ave,40.716887,-73.963198,539,481,460,471,389,0.1878445213767,0.29730460461725,0.31231310575408,0.42791961919331,0.4578885665479
2003,1 Ave & E 18 St,40.73416059,-73.98024289,461,504,545,487,325,0.15171417431666,0.15322687488061,0.19703996997283,0.24609512380389,0.27591982951573
2004,6 Ave & Broome St,40.724399,-74.004704,377,348,128,2010,248,0.14453534122846,0.16904441572883,0.20768902452446,0.22624011645685,0.2363000362922
2005,Railroad Ave & Kay Ave,40.70531194,-73.97100056,282,443,389,343,242,0.24752179865737,0.4248598099322,0.46533079611522,0.51282367788985,0.52976686703429
2006,Central Park S & 6 Ave,40.76590936,-73.97634151,281,352,457,468,137,0.17267891008215,0.17903761711015,0.28921430277187,0.29548898818425,0.34569595399611
2008,Little West St & 1 Pl,40.70569254,-74.01677685,304,363,427,260,534,0.18097305642916,0.18436934864583,0.30078357671476,0.30202509059873,0.30366796424762
2009,Catherine St & Monroe St,40.71117444,-73.99682619,408,308,82,296,331,0.15053631020488,0.15848359215337,0.1748986293545,0.20461006288824,0.25929000275131
2010,Grand St & Greene St,40.72165481,-74.00234737,257,377,303,268,2004,0.15647322777146,0.18194139434017,0.20217229166577,0.2230966840686,0.22624011645685
2012,E 27 St & 1 Ave,40.739445,-73.976806,174,507,536,545,528,0.092771887492447,0.15506488893502,0.15748265409281,0.21425526954555,0.23972619969097
2017,E 43 St & 2 Ave,40.75022392,-73.97121414,455,440,518,164,516,0.11400144093423,0.18179777152341,0.20387469548696,0.21292737412528,0.21764787458601
2021,W 45 St & 8 Ave,40.75929124,-73.98859651,479,529,450,477,173,0.15244645741662,0.17255637261019,0.2093335794472,0.21297757576487,0.23749587014644
2022,E 59 St & Sutton Pl,40.75849116,-73.95920622,290,385,464,454,305,0.31501013850766,0.35910176292444,0.44309545545125,0.44466867685069,0.45392484583217
2023,E 55 St & Lexington Ave,40.75968085,-73.97031366,367,464,305,137,456,0.098780385328262,0.14408086967112,0.18325516815257,0.19174616972935,0.19415725281537
3002,South End Ave & Liberty St,40.711512,-74.015756,363,327,309,417,195,0.2303050195026,0.2678898844349,0.27934592059502,0.30654582119257,0.32634562109898
